{"cameraMode":{"drawMode":0,"name":"Shaded","section":"Shading Mode"},"sceneLighting":true,"audioPlay":false,"sceneViewState":{"m_AlwaysRefresh":false,"showFog":true,"showSkybox":true,"showFlares":true,"showImageEffects":true,"showParticleSystems":true,"showVisualEffectGraphs":true,"m_FxEnabled":true},"in2DMode":false,"pivot":{"x":37.035240173339847,"y":-7.462425231933594,"z":33.253082275390628},"rotation":{"x":0.08536799252033234,"y":0.48804324865341189,"z":-0.0486614815890789,"w":0.8674304485321045},"size":24.384153366088868,"orthographic":false}